{
  "Latent CoT": {
    "mean": 0.5171538309366615,
    "std": 0.5625568532316252
  },
  "Latent Boundary": {
    "mean": 1.434539912144343,
    "std": 1.0270950889767103
  },
  "Image": {
    "mean": 7.272707684834798,
    "std": 3.9110528955268093
  },
  "System Prompt": {
    "mean": 10.495808940463595,
    "std": 5.2695356763272
  },
  "Question Text": {
    "mean": 30.023717625935873,
    "std": 7.9632690235518355
  },
  "Self (Answer)": {
    "mean": 50.25607197019789,
    "std": 11.236465754864648
  },
  "latent_detail": {
    "mean_pct": 0.5171538309366615,
    "pct_above_10": 0.0,
    "pct_above_30": 0.0
  }
}