{
  "Latent CoT": {
    "mean": 0.5258895199062387,
    "std": 0.6367358561958127
  },
  "Latent Boundary": {
    "mean": 1.190809868268962,
    "std": 0.8104844667833432
  },
  "Image": {
    "mean": 9.065939609415823,
    "std": 5.33309288957369
  },
  "System Prompt": {
    "mean": 14.387000888729187,
    "std": 6.551217311160056
  },
  "Question Text": {
    "mean": 15.940833990901394,
    "std": 11.272174205023413
  },
  "Self (Answer)": {
    "mean": 58.889525959516924,
    "std": 12.74729429608465
  },
  "latent_detail": {
    "mean_pct": 0.5258895199062387,
    "pct_above_10": 0.0,
    "pct_above_30": 0.0
  }
}